Agency Department,Agency Name
Administrative Conference of the United States,Administrative Conference of the United States
American Battle Monuments Commission,American Battle Monuments Commission
Department of the Air Force,Air Force Inspection Agency
Department of the Air Force,Air Force Operational Test and Evaluation Center
Department of the Air Force,Air Force Audit Agency
Department of the Air Force,Air Force Office of Special Investigations
Department of the Air Force,Air Force Personnel Center
Department of the Air Force,U.S. Air Force Academy
Department of the Air Force,Air Education and Training Command
Department of the Air Force,"Headquarters, Air Force Reserve Command"
Department of the Air Force,Pacific Air Forces
Department of the Air Force,Air Force Special Operations Command
Department of the Air Force,Air Force Public Affairs Agency
Department of the Air Force,Headquarters USAF and Support Elements
Department of the Air Force,Air Force Mortuary Affairs Operations
Department of the Air Force,Air Force Manpower Analysis Agency
Department of the Air Force,Air Combat Command
Department of the Air Force,Air Mobility Command
Department of the Air Force,Air Force Materiel Command
Department of the Air Force,Headquarters Air Force Flight Standards Agency
Department of the Air Force,Air Force Civilian Career Training
Department of the Air Force,Air Force Agency for Modeling and Simulation
Department of the Air Force,Air Force Cost Analysis Agency
Department of the Air Force,Air Force Legal Operations Agency
Department of the Air Force,Air Force Medical Support Agency
Department of the Air Force,Air Force Operations Group
Department of the Air Force,Air National Guard Support Center
Department of the Air Force,Air Force Historical Research Agency
Department of the Air Force,Air Force Technical Applications Center
Department of the Air Force,Air Force Review Boards Agency
Department of the Air Force,Air Force Program Executive Office
Department of the Air Force,Air Force Elements NORAD
Department of the Air Force,Air Force Safety Center
Department of the Air Force,Air Force Medical
Department of the Air Force,Air Force Elements Joint Chiefs of Staff
Department of the Air Force,"Air Force Elements, U.S. Central Command"
Department of the Air Force,"Air Force Elements, U.S. Special Operations Command"
Department of the Air Force,"Air Force Elements, U.S. Strategic Command"
Department of the Air Force,"Air Force Elements, U.S. Transportation Command"
Department of the Air Force,Air Force Elements
Department of the Air Force,National Air and Space Intelligence Center
Department of the Air Force,U.S. Northern Command
Department of the Air Force,Headquarters U.S. Space Force
Department of the Air Force,United States Space Force
Department of the Air Force,Air Force Elements U.S. Space Command
Department of the Air Force,Non-DoD and Other Support
Department of the Air Force,Air Force District of Washington
Department of the Air Force,Defense Cyber Crime Center
Department of the Air Force,Space Development Agency
Department of the Air Force,United States Space Force Forces
Department of the Air Force,United States Space Force Components
Department of the Air Force,Space Systems Command
Department of the Air Force,Space Training and Readiness Command
Department of the Air Force,Air Force Global Strike Command
Department of the Air Force,Air National Guard Units
Department of the Air Force,U.S. Special Operations Command (ANG)
Department of Agriculture,Office of the Secretary of Agriculture
Department of Agriculture,Agricultural Marketing Service
Department of Agriculture,Agricultural Research Service
Department of Agriculture,Rural Development
Department of Agriculture,Risk Management Agency
Department of Agriculture,Foreign Agricultural Service
Department of Agriculture,Forest Service
Department of Agriculture,Office of Communications
Department of Agriculture,Office of the General Counsel
Department of Agriculture,Natural Resources Conservation Service
Department of Agriculture,Economic Research Service
Department of Agriculture,National Agricultural Statistics Service
Department of Agriculture,National Institute of Food and Agriculture
Department of Agriculture,Office of the Inspector General
Department of Agriculture,Food and Nutrition Service
Department of Agriculture,Animal and Plant Health Inspection Service
Department of Agriculture,Food Safety and Inspection Service
Department of Agriculture,Office of the Chief Economist
Department of Agriculture,Office of Budget and Program Analysis
Department of Agriculture,Office of the Chief Financial Officer
Department of Agriculture,FPAC Business Center
Department of Agriculture,Office of Partnerships and Public Engagement
Department of Agriculture,Civil Rights
Department of Agriculture,Departmental Administration
Department of Agriculture,Farm Service Agency
Department of Agriculture,Homeland Security Staff
Department of Agriculture,Office of the Chief Information Officer
Department of Agriculture,National Appeals Division
National Foundation on the Arts and the Humanities,National Endowment for the Arts
National Foundation on the Arts and the Humanities,National Endowment for the Humanities
National Foundation on the Arts and the Humanities,Institute of Museum and Library Services
U.S. Agency for International Development,U.S. Agency for International Development
Appalachian Regional Commission,Appalachian Regional Commission
Department of the Army,United States Army Cyber Command
Department of the Army,U.S. Army Central
Department of the Army,U.S. Army North
Department of the Army,U.S. Army Acquisition Support Center
Department of the Army,United States Army Futures Command
Department of the Army,U.S. Army National Military Cemeteries
Department of the Army,U.S. Military Entrance Processing Command
Department of the Army,U.S. Army Intelligence and Security Command
Department of the Army,U.S. Army Test and Evaluation Command
Department of the Army,U.S. Army Installation Management Command
Department of the Army,U.S. Army Criminal Investigation Command
Department of the Army,U.S. Army Corps of Engineers
Department of the Army,U.S. Army Civilian Human Resources Agency
Department of the Army,Civilian Protection Center of Excellence
Department of the Army,Immediate Office of the Chief of Staff of the Army
Department of the Army,Immediate Office of the Commander in Chief of the U.S. Army Europe and Seventh Army
Department of the Army,United States Army Europe and Africa
Department of the Army,U.S. Army V Corps
Department of the Army,U.S. Army Forces Command
Department of the Army,Office of the Chief of the National Guard Bureau
Department of the Army,U.S. Army Human Resources Command
Department of the Army,U.S. Army Reserve Command
Department of the Army,U.S. Army Element SHAPE
Department of the Army,Joint Activities
Department of the Army,U.S. Military Academy
Department of the Army,U.S. Army Medical Command
Department of the Army,U.S. Army Military District of Washington
Department of the Army,Army National Guard Units
Department of the Army,"U.S. Army, Pacific"
Department of the Army,Military Postal Service Agency
Department of the Army,Office of the Secretary of the Army
Department of the Army,Field Operating Offices of the Office of the Secretary of the Army
Department of the Army,U.S. Army Space and Missile Defense Command/U.S. Army Forces Strategic Command
Department of the Army,Headquarters Department of the Army Field Operating Agencies and Staff Support Agencies
Department of the Army,Joint Services and Activities Supported by the Office of the Secretary of the Army
Department of the Army,U.S. Army South
Department of the Army,U.S. Special Operations Command (Army)
Department of the Army,U.S. Army Recruiting Command and U.S. Army Cadet Command
Department of the Army,U.S. Army Training and Doctrine Command
Department of the Army,U.S. Army War College
Department of the Army,"Headquarters, Army Materiel Command"
Department of the Army,U.S. Army Aviation and Missile Command
Department of the Army,U.S. Army Tank Automotive and Armament Command
Department of the Army,U.S. Army Communications Electronics Command
Department of the Army,United States Army Medical Logistics Command
Department of the Army,United States Army Installation Management Command
Department of the Army,U.S. Army Chemical Materials Activity
Department of the Army,U.S. Army Sustainment Command
Department of the Army,U.S. Army Contracting Command
Department of the Army,United States Army Financial Management Command
Department of the Army,United States Army Print and Media Distribution Center
Department of the Army,Materiel Acquisition Activities
Department of the Army,U.S. Army Security Assistance Command
Department of the Army,U.S. Army Joint Munitions Command
Department of the Army,"U.S. Army Research, Development and Engineering Command"
Department of the Army,U.S. Army Military Surface Deployment and Distribution Command
Department of the Army,Materiel Readiness Activities
Federal Labor Relations Authority,Federal Labor Relations Authority
Arctic Research Commission,Arctic Research Commission
Merit Systems Protection Board,Merit Systems Protection Board
Defense Nuclear Facilities Safety Board,Defense Nuclear Facilities Safety Board
Pension Benefit Guaranty Corporation,Pension Benefit Guaranty Corporation
James Madison Memorial Fellowship Foundation,James Madison Memorial Fellowship Foundation
Office of Management and Budget,Office of Management and Budget
Nuclear Waste Technical Review Board,Nuclear Waste Technical Review Board
Commission on Civil Rights,Commission on Civil Rights
Department of Commerce,Office of the Secretary
Department of Commerce,Economic Development Administration
Department of Commerce,Bureau of Economic Analysis
Department of Commerce,National Oceanic and Atmospheric Administration
Department of Commerce,International Trade Administration
Department of Commerce,Patent and Trademark Office
Department of Commerce,National Institute of Standards and Technology
Department of Commerce,National Telecommunications and Information Administration
Department of Commerce,National Technical Information Service
Department of Commerce,U.S. Census Bureau
Department of Commerce,Office of the Inspector General
Department of Commerce,Bureau of Industry and Security
Commodity Futures Trading Commission,Commodity Futures Trading Commission
National Credit Union Administration,National Credit Union Administration
Delta Regional Authority,Delta Regional Authority
Public Interest Declassification Board,Public Interest Declassification Board
Department of Defense,Office of the Secretary of Defense
Department of Defense,Organization of the Joint Chiefs of Staff
Department of Defense,Defense Information Systems Agency
Department of Defense,Defense Security Cooperation Agency
Department of Defense,Defense Logistics Agency
Department of Defense,U.S. Court of Appeals for the Armed Forces
Department of Defense,Defense Contract Audit Agency
Department of Defense,Defense Counterintelligence and Security Agency
Department of Defense,Defense Advanced Research Projects Agency
Department of Defense,Uniformed Services University of the Health Sciences
Department of Defense,Department of Defense Education Activity
Department of Defense,Washington Headquarters Services
Department of Defense,Office of Economic Adjustment
Department of Defense,Defense Legal Services Agency
Department of Defense,Office of the Inspector General
Department of Defense,Missile Defense Agency
Department of Defense,Defense Technology Security Administration
Department of Defense,Defense Commissary Agency
Department of Defense,Defense Finance and Accounting Service
Department of Defense,Defense Human Resources Activity
Department of Defense,Defense POW/MIA Accounting Agency
Department of Defense,Defense Health Agency
Department of Defense,Defense Threat Reduction Agency
Department of Defense,Defense Contract Management Agency
Department of Defense,Pentagon Force Protection Agency
Department of Defense,Department of Defense Test Resource Management Center
Department of Defense,National Defense University
Department of Defense,Defense Microelectronics Activity
Department of Defense,Defense Technical Information Center
Department of Defense,Defense Media Activity
Department of Defense,Defense Acquisition University
Department of Defense,National Reconnaissance Office
Department of Defense,Military Treatment Facilities Under DHA
Northern Border Regional Commission,Northern Border Regional Commission
Department of Justice,"Offices, Boards and Divisions"
Department of Justice,Bureau of Prisons/Federal Prison System
Department of Justice,Office of Justice Programs
Department of Justice,U.S. Marshals Service
Department of Justice,Executive Office for U.S. Attorneys and the Offices of the U.S. Attorneys
Department of Justice,Office of the Inspector General
Department of Justice,U.S. Trustee Program
Department of Justice,Executive Office for Immigration Review
Department of Justice,Community Relations Service
Department of Labor,Office of the Secretary of Labor
Department of Labor,Office of the Assistant Secretary for Administration and Management
Department of Labor,Bureau of International Labor Affairs
Department of Labor,Office of the Chief Financial Officer
Department of Labor,Office of Disability Employment Policy
Department of Labor,Employment and Training Administration
Department of Labor,Office of the Inspector General
Department of Labor,Bureau of Labor Statistics
Department of Labor,Mine Safety and Health Administration
Department of Labor,Office of Federal Contract Compliance Programs
Department of Labor,Office of Labor-Management Standards
Department of Labor,Office of Workers' Compensation Programs
Department of Labor,Office of Public Affairs
Department of Labor,Office of the Assistant Secretary for Policy
Department of Labor,Employee Benefits Security Administration
Department of Labor,Occupational Safety and Health Administration
Department of Labor,Office of the Solicitor
Department of Labor,Veterans Employment and Training Services
Department of Labor,Women's Bureau
Department of Labor,Wage and Hour Division
Department of Energy,Department of Energy
Department of Energy,Federal Energy Regulatory Commission
Denali Commission,Denali Commission
Export-Import Bank of the United States,Export-Import Bank of the United States
Office of Administration,Office of Administration
Department of Education,Immediate Office of the Secretary of Education
Department of Education,Office of the Deputy Secretary of Education
Department of Education,Office for Civil Rights
Department of Education,"Office of Planning, Evaluation and Policy Development"
Department of Education,Office of the Under Secretary
Department of Education,Office of Inspector General
Department of Education,Office of the General Counsel
Department of Education,Office of Special Education and Rehabilitative Services
Department of Education,Office of the Chief Information Officer
Department of Education,Office of Legislation and Congressional Affairs
Department of Education,Office of Finance and Operations
Department of Education,Federal Student Aid
Department of Education,Office of Communications and Outreach
Department of Education,Office of Postsecondary Education
Department of Education,Institute of Education Sciences
Department of Education,Office of Elementary and Secondary Education
Department of Education,Office of English Language Acquisition
Department of Education,"Office of Career, Technical, and Adult Education"
Department of Education,National Assessment Governing Board
Equal Employment Opportunity Commission,Equal Employment Opportunity Commission
Morris K. Udall and Stewart L. Udall Foundation,Morris K. Udall and Stewart L. Udall Foundation
Environmental Protection Agency,Environmental Protection Agency
Council on Environmental Quality/Office of Environmental Quality,Council on Environmental Quality/Office of Environmental Quality
Trade and Development Agency,Trade and Development Agency
Federal Communications Commission,Federal Communications Commission
Federal Deposit Insurance Corporation,Federal Deposit Insurance Corporation
Federal Financial Institutions Examination Council,Federal Financial Institutions Examination Council
Chemical Safety and Hazard Investigation Board,Chemical Safety and Hazard Investigation Board
Farm Credit System Insurance Corporation,Farm Credit System Insurance Corporation
Farm Credit Administration,Farm Credit Administration
Federal Mediation and Conciliation Service,Federal Mediation and Conciliation Service
Court Services and Offender Supervision Agency for the District of Columbia,Office of the Director
Federal Reserve System,Bureau of Consumer Financial Protection
Federal Trade Commission,Federal Trade Commission
Office of Special Counsel,Office of Special Counsel
Development Finance Corporation,Development Finance Corporation
Gulf Coast Ecosystem Restoration Council,Gulf Coast Ecosystem Restoration Council
Barry Goldwater Scholarship and Excellence in Education Foundation,Barry Goldwater Scholarship and Excellence in Education Foundation
Office of Government Ethics,Office of Government Ethics
Presidio Trust,Presidio Trust
Election Assistance Commission,Election Assistance Commission
General Services Administration,Immediate Office of the Administrator
General Services Administration,Office of Administrative Services
General Services Administration,Public Buildings Service
General Services Administration,Office of Civil Rights
General Services Administration,Office of Small Business Utilization
General Services Administration,Office of the Chief Financial Officer
General Services Administration,Office of General Counsel
General Services Administration,Office of Human Resources Management
General Services Administration,Office of Inspector General
General Services Administration,Office of Congressional and Intergovernmental Affairs
General Services Administration,Offices of the Regional Administrators
General Services Administration,Office of Governmentwide Policy
General Services Administration,Office of GSA IT
General Services Administration,Federal Acquisition Service
General Services Administration,Office of Mission Assurance
General Services Administration,Office of Strategic Communication
General Services Administration,Office of the Customer Experience
The US Semiquincentennial Commission,The U.S. Semiquincentennial Commission
"International Boundary and Water Commission, U.S. Section","International Boundary and Water Commission, U.S. Section"
International Boundary Commission: United States and Canada,International Boundary Commission: United States and Canada
International Joint Commission: United States and Canada,International Joint Commission: United States and Canada
Office of the Committee for Purchase From People Who Are Blind or Severely Disabled,Office of the Committee for Purchase from People Who Are Blind or Severely Disabled
Office of Inspector General,Office of Inspector General
U.S. Holocaust Memorial Museum,U.S. Holocaust Memorial Museum
Department of Health and Human Services,Office of the Secretary of Health and Human Services
Department of Health and Human Services,Program Support Center
Department of Health and Human Services,Administration for Community Living
Department of Health and Human Services,Office of Inspector General
Department of Health and Human Services,Office of the Assistant Secretary for Health
Department of Health and Human Services,Substance Abuse and Mental Health Services Administration
Department of Health and Human Services,Agency for Healthcare Research and Quality
Department of Health and Human Services,Health Resources and Services Administration
Department of Health and Human Services,Agency for Toxic Substances and Disease Registry
Department of Health and Human Services,Food and Drug Administration
Department of Health and Human Services,Indian Health Service
Department of Health and Human Services,National Institutes of Health
Department of Health and Human Services,Centers for Disease Control and Prevention
Department of Health and Human Services,Office of Medicare Hearings and Appeals
Department of Health and Human Services,Administration for Strategic Preparedness and Response
Department of Health and Human Services,Centers for Medicare & Medicaid Services
Department of Health and Human Services,Administration for Children and Families
Federal Housing Finance Agency,Federal Housing Finance Agency
Federal Housing Finance Agency,Office of Inspector General
Advisory Council on Historic Preservation,Advisory Council on Historic Preservation
Department of Homeland Security,DHS Headquarters
Department of Homeland Security,Citizenship and Immigration Services
Department of Homeland Security,U.S. Coast Guard
Department of Homeland Security,Office of the Inspector General
Department of Homeland Security,Transportation Security Administration
Department of Homeland Security,Federal Law Enforcement Training Centers
Department of Homeland Security,Cybersecurity and Infrastructure Security Agency
Department of Homeland Security,Federal Emergency Management Agency
Department of Homeland Security,Domestic Nuclear Detection Office
Department of Homeland Security,Science and Technology Directorate
Department of Housing and Urban Development,Office of the Senior Coordinator for New England
Department of Housing and Urban Development,Office of the Senior Coordinator for New York/New Jersey
Department of Housing and Urban Development,Office of the Senior Coordinator for Mid-Atlantic
Department of Housing and Urban Development,Office of the Senior Coordinator for Southeast/Caribbean
Department of Housing and Urban Development,Office of the Senior Coordinator for Midwest
Department of Housing and Urban Development,Office of the Senior Coordinator for Southwest
Department of Housing and Urban Development,Office of the Senior Coordinator for Great Plains
Department of Housing and Urban Development,Office of the Senior Coordinator for Rocky Mountains
Department of Housing and Urban Development,Office of the Senior Coordinator for Pacific/Hawaii
Department of Housing and Urban Development,Office of the Senior Coordinator for Northwest/Alaska
Department of Housing and Urban Development,Office of the Secretary of Housing and Urban Development
Department of Housing and Urban Development,Office of the Chief Human Capital Officer
Department of Housing and Urban Development,Office of General Counsel
Department of Housing and Urban Development,Assistant Secretary for Community Planning and Development
Department of Housing and Urban Development,Assistant Secretary for Fair Housing and Equal Opportunity
Department of Housing and Urban Development,Office of the Chief Financial Officer
Department of Housing and Urban Development,Office of Inspector General
Department of Housing and Urban Development,Office of Field Policy and Management
Department of Housing and Urban Development,Office of Healthy Homes and Lead Hazard Control
Department of Housing and Urban Development,Assistant Secretary for Housing  Federal Housing Commissioner
Department of Housing and Urban Development,Office of the Chief Procurement Officer
Department of Housing and Urban Development,Assistant Secretary for Public and Indian Housing
Department of Housing and Urban Development,Office of the Chief Information Officer
Department of Housing and Urban Development,Assistant Secretary for Policy Development and Research
Department of Housing and Urban Development,Government National Mortgage Association (Ginnie Mae)
Department of Housing and Urban Development,Office of Departmental Equal Employment Opportunity
Department of Housing and Urban Development,Office of Disaster Management and National Security
U.S. Interagency Council on Homelessness,U.S. Interagency Council on Homelessness
U.S. Agency for Global Media,U.S. Agency for Global Media
Inter-American Foundation,Inter-American Foundation
Council of the Inspectors General on Integrity and Efficiency,Council of the Inspectors General on Integrity and Efficiency
Department of the Interior,Office of the Secretary of the Interior
Department of the Interior,Bureau of Land Management
Department of the Interior,Indian Affairs
Department of the Interior,Bureau of Reclamation
Department of the Interior,Geological Survey
Department of the Interior,National Park Service
Department of the Interior,U.S. Fish and Wildlife Service
Department of the Interior,Office of the Solicitor
Department of the Interior,"Office of Surface Mining, Reclamation and Enforcement"
Department of the Interior,Office of the Inspector General
Department of the Interior,Bureau of Safety and Environmental Enforcement
Department of the Interior,Bureau of Ocean Energy Management
Department of the Interior,Bureau of Indian Education
Department of the Interior,Bureau of Trust Funds Administration
Judicial Branch,U.S. Tax Court
Corporation for National and Community Service,Corporation for National and Community Service
Public Buildings Reform Board,Public Buildings Reform Board
Federal Election Commission,Federal Election Commission
Government Printing Office,Government Printing Office
Marine Mammal Commission,Marine Mammal Commission
Federal Maritime Commission,Federal Maritime Commission
Millennium Challenge Corporation,Millennium Challenge Corporation
National Science Foundation,National Science Foundation
National Council on Disability,National Council on Disability
National Labor Relations Board,National Labor Relations Board
National Mediation Board,National Mediation Board
National Aeronautics and Space Administration,"Headquarters, NASA"
National Aeronautics and Space Administration,Ames Research Center
National Aeronautics and Space Administration,John Glenn Research Center at Lewis Field
National Aeronautics and Space Administration,Langley Research Center
National Aeronautics and Space Administration,Neil A. Armstrong Flight Research Center
National Aeronautics and Space Administration,Goddard Space Flight Center
National Aeronautics and Space Administration,George C. Marshall Space Flight Center
National Aeronautics and Space Administration,John C. Stennis Space Center
National Aeronautics and Space Administration,Lyndon B. Johnson Space Center
National Aeronautics and Space Administration,John F. Kennedy Space Center
National Archives and Records Administration,National Archives and Records Administration
Nuclear Regulatory Commission,Nuclear Regulatory Commission
Department of the Navy,Immediate Office of the Chief of Naval Operations
Department of the Navy,"Directorate for Administrations, Logistics, and Operations"
Department of the Navy,Office of Naval Research
Department of the Navy,Naval Intelligence Command
Department of the Navy,Naval Medical Command
Department of the Navy,Naval Air Systems Command
Department of the Navy,Bureau of Naval Personnel
Department of the Navy,Naval Supply Systems Command
Department of the Navy,Naval Sea Systems Command
Department of the Navy,Naval Facilities Engineering Command
Department of the Navy,U.S. Marine Corps
Department of the Navy,Strategic Systems Programs
Department of the Navy,Military Sealift Command
Department of the Navy,"Commander, Naval Information Warfare Systems Command"
Department of the Navy,Navy Systems Management Activity
Department of the Navy,"Commander, Navy Installations"
Department of the Navy,United States Fleet Forces Command
Department of the Navy,"U.S. Pacific Fleet, Commander in Chief"
Department of the Navy,Navy Reserve Force
Department of the Navy,Naval Special Warfare Command
Department of the Navy,Naval Education and Training Command
Office of Personnel Management,Office of Personnel Management
Occupational Safety and Health Review Commission,Occupational Safety and Health Review Commission
Peace Corps,Peace Corps
Office of National Drug Control Policy,Office of National Drug Control Policy
Office of Navajo and Hopi Indian Relocation,Office of Navajo and Hopi Indian Relocation
Federal Retirement Thrift Investment Board,Federal Retirement Thrift Investment Board
Armed Forces Retirement Home,Armed Forces Retirement Home
Civil Rights Cold Case Review Board (CRCCRB),Civil Rights Cold Case Review Board
Medicaid and CHIP Payment and Access Commission,Medicaid and CHIP Payment and Access Commission
Railroad Retirement Board,Railroad Retirement Board
Federal Mine Safety and Health Review Commission,Federal Mine Safety and Health Review Commission
Small Business Administration,Small Business Administration
Securities and Exchange Commission,Securities and Exchange Commission
Consumer Product Safety Commission,Consumer Product Safety Commission
Smithsonian Institution,Smithsonian Institution
Selective Service System,Selective Service System
Department of State,Department of State
Social Security Administration,Social Security Administration
National Transportation Safety Board,National Transportation Safety Board
U.S. International Trade Commission,U.S. International Trade Commission
Department of Transportation,Office of the Secretary of Transportation
Department of Transportation,Federal Aviation Administration
Department of Transportation,Federal Highway Administration
Department of Transportation,Federal Railroad Administration
Department of Transportation,Great Lakes Saint Lawrence Seaway Development Corporation
Department of Transportation,Federal Transit Administration
Department of Transportation,National Highway Traffic Safety Administration
Department of Transportation,Office of Inspector General (Transportation)
Department of Transportation,Maritime Administration
Department of Transportation,Pipeline and Hazardous Materials Safety Administration
Department of Transportation,Federal Motor Carrier Safety Administration
Office of the U.S. Trade Representative,Office of the U.S. Trade Representative
Department of the Treasury,Departmental Offices (Treasury)
Department of the Treasury,Internal Revenue Service
Department of the Treasury,Office of Inspector General (Treasury)
Department of the Treasury,U.S. Mint
Department of the Treasury,Financial Crimes Enforcement Network
Department of the Treasury,Bureau of Engraving and Printing
Department of the Treasury,Office of the Comptroller of the Currency
Department of the Treasury,Bureau of the Fiscal Service
Department of the Treasury,Office of the Inspector General for Tax Administration
Office of Science and Technology Policy,Office of Science and Technology Policy
Surface Transportation Board,Surface Transportation Board
Japan-United States Friendship Commission,JapanUnited States Friendship Commission
Utah Reclamation Mitigation and Conservation Commission,Utah Reclamation Mitigation and Conservation Commission
Department of Veterans Affairs,Office of the Secretary (Veterans Affairs)
Department of Veterans Affairs,Board of Veterans Appeals
Department of Veterans Affairs,Office of General Counsel
Department of Veterans Affairs,Office of Inspector General (Veterans Affairs)
Department of Veterans Affairs,Office of Electronic Health Record Modernization
Department of Veterans Affairs,Office of Accountability and Whistleblower Protection
Department of Veterans Affairs,Office of the Assistant Secretary for Human Resources and Administration
Department of Veterans Affairs,Office of the Chief Human Capital Officer
Department of Veterans Affairs,Office of the Assistant Secretary for Diversity and Inclusion
Department of Veterans Affairs,Office of the Deputy Assistant Secretary for Administration
Department of Veterans Affairs,Office of the Deputy Assistant Secretary for Resolution Management
Department of Veterans Affairs,Office of the Deputy Assistant Secretary for Corporate Senior Executive Management
Department of Veterans Affairs,Office of the Deputy Assistant Secretary for Labor Management Relations
Department of Veterans Affairs,Office of Enterprise Operations
Department of Veterans Affairs,Office of the Assistant Secretary for Management
Department of Veterans Affairs,Office of the Deputy Assistant Secretary for Budget
Department of Veterans Affairs,Office of the Deputy Assistant Secretary for Finance
Department of Veterans Affairs,Office of the Deputy Assistant Secretary for FMBTS
Department of Veterans Affairs,Office of Acquisition and Logistics
Department of Veterans Affairs,Office of the Assistant Secretary for Information and Technology
Department of Veterans Affairs,Office of the Deputy Assistant Secretary for Information and Technology
Department of Veterans Affairs,"Office of the Assistant Secretary for Operations, Security, and Preparedness"
Department of Veterans Affairs,Office of Security and Law Enforcement
Department of Veterans Affairs,Office of Emergency Management and Resilience
Department of Veterans Affairs,"Office of Identity, Credential, and Access Management"
Department of Veterans Affairs,Office of Enterprise Integration
Department of Veterans Affairs,Veterans Customer Experience (VCE)
Department of Veterans Affairs,Office of the Assistant Secretary for Public and Intergovernmental Affairs
Department of Veterans Affairs,Office of the Deputy Assistant Secretary for Intergovernmental Affairs
Department of Veterans Affairs,Office of the Deputy Assistant Secretary for Public Affairs
Department of Veterans Affairs,Veterans Benefits Administration
Department of Veterans Affairs,National Cemetery Administration
Department of Veterans Affairs,Veterans Health Administration
Privacy and Civil Liberties Oversight Board,Privacy and Civil Liberties Oversight Board
Federal Permitting Improvement Steering Council,Federal Permitting Improvement Steering Council
