Date,Agency Name,Estimated Layoff,Source link,Article Title,State
07-03-2025,Centers for Medicare & Medicaid Services; Centers for Disease Control and Prevention,Unspecified number,https://kffhealthnews.org/news/article/the-week-in-brief-doge-cdc-firings-local-impact/,CDC Firings Fray Lifelines to Local Health Departments,"California, Georgia, Maryland, Ohio, Pennsylvania"
27-02-2025,Bureau of Industry and Security,Unspecified number,https://www.nytimes.com/2025/02/27/climate/noaa-layoffs-trump.html,"Mass Layoffs Begin at NOAA, With Hundreds Said to Be Fired in One Day","California, Arizona, Massachusetts, New York, Georgia"
11-02-2025,Department of Energy; Office of Personnel Management; National Oceanic and Atmospheric Administration,Unspecified number,https://www.theguardian.com/us-news/2025/feb/11/trump-dei-nasa-executive-order,Trump’s anti-DEI executive orders could jeopardize safety of Nasa crews,"California, Colorado, Florida, Georgia, Maryland"
26-02-2025,Federal Aviation Administration; Food and Drug Administration; Health Resources and Services Administration,Unspecified number,https://www.newsbreak.com/news/3831309903254-the-latest-epa-wants-to-repeal-a-landmark-environmental-finding-jeopardizing-climate-regulations,"The Latest: EPA wants to repeal a landmark environmental finding, jeopardizing climate regulations","Arkansas, California, Florida, Georgia, Maryland"
08-04-2025,Federal Emergency Management Agency; Office of Personnel Management,Unspecified number,https://www.businessinsider.nl/read-the-email-department-of-homeland-security-employees-received-offering-up-to-25000-in-severance/,"Read the email Department of Homeland Security employees received offering up to $25,000 in severance","Florida, Georgia, Maryland, Pennsylvania, Texas"
08-04-2025,Food and Drug Administration; Centers for Disease Control and Prevention,Unspecified number,https://www.medscape.com/viewarticle/federal-cuts-leave-pulmonology-community-gasping-resources-2025a10008dp,Fed Cuts Leave Pulmonology Community Gasping for Resources,"Arkansas, California, Georgia, Maryland, New York"
21-03-2025,Food and Drug Administration; Office of Personnel Management,Unspecified number,https://www.devdiscourse.com/article/politics/3316211-mass-federal-layoffs-spark-controversy-agencies-brace-for-second-wave,Mass Federal Layoffs Spark Controversy: Agencies Brace for Second Wave,"Arkansas, California, Georgia, Maryland, New York"
15-02-2025,Internal Revenue Service; Forest Service; Centers for Disease Control and Prevention; National Park Service; Department of Energy; Citizenship and Immigration Services; Cybersecurity and Infrastructure Security Agency; Small Business Administration; Office of Personnel Management; Federal Emergency Management Agency; National Institutes of Health,Unspecified number,https://www.azcentral.com/story/news/politics/2025/02/15/federal-layoffs-firings-2025/78761259007/,"Which agencies have been hit by federal layoffs? What to know about NPS, NIH, IRS, more","Arizona, California, Colorado, Florida, Georgia"
20-02-2025,Internal Revenue Service; National Park Service,Unspecified number,https://www.petaluma360.com/article/news/huffman-thompson-town-hall-trump/,"Huffman, Thompson events in Sonoma County draw huge interest","Arizona, California, Colorado, Missouri, Pennsylvania"
23-01-2025,John F. Kennedy Space Center; Office of Personnel Management,Unspecified number,https://www.space.com/space-exploration/trump-orders-interim-nasa-chief-to-end-dei-initiatives,Trump orders interim NASA chief to end DEI initiatives,"Alabama, California, Colorado, Florida, Georgia"
31-03-2025,Missile Defense Agency; Office of Personnel Management,Unspecified number,https://federalnewsnetwork.com/defense-main/2025/03/dod-reopens-deferred-resignation-program-offers-early-retirements/,"DoD reopens deferred resignation program, offers early retirements","Alabama, Alaska, Colorado, Georgia, Maryland"
10-04-2025,National Institutes of Health; National Oceanic and Atmospheric Administration,Unspecified number,https://www.marketscreener.com/news/latest/White-House-moves-to-hamstring-national-climate-assessment-49579981/,White House moves to hamstring national climate assessment,"California, Florida, Maryland, Massachusetts, Montana"
04-04-2025,Office of the Comptroller of the Currency; Food and Drug Administration; Centers for Disease Control and Prevention,Unspecified number,https://stockhead.com.au/health/scott-power-asx-health-stocks-fall-but-orthocell-nails-its-us-fda-approval/,Scott Power: ASX health stocks fall but… Orthocell nails its US FDA approval,"Arkansas, California, Georgia, Illinois, Maryland"
24-01-2025,Office of the Inspector General; Veterans Health Administration; Office of Personnel Management,Unspecified number,https://www.pilotonline.com/2025/01/24/hampton-va-federal-freeze/,Unclear how federal hiring freeze affects Hampton VA Medical Center,"California, Colorado, Florida, Georgia, Maryland"
04-03-2025,Small Business Administration; Federal Aviation Administration; Centers for Disease Control and Prevention,Unspecified number,https://www.wsbtv.com/news/local/atlanta/new-sba-head-kelly-loeffler-says-she-wants-corporate-stability-department-supports-doge/3EQTVJXYJBERXKTRONLQWOTIME/,"New SBA head Kelly Loeffler says she wants corporate stability in department, supports DOGE","California, Florida, Georgia, Maryland, Ohio"
03-03-2025,Indian Health Service,Unspecified number,https://tumirador.com.ar/uncategorized-en/bmw-dominates-u-s-export-market-outpacing-automotive-giants/54924/,"BMW Dominates U.S. Export Market, Outpacing Automotive Giants","Arizona, Montana, New Mexico, Oklahoma, South Dakota"
07-03-2025,Social Security Administration; National Oceanic and Atmospheric Administration,Unspecified number,https://www.livemint.com/news/us-news/elon-musk-s-budget-cuts-hit-ssa-offices-see-the-full-list-of-social-security-administration-office-closures-11741352381208.html,Elon Musk’s budget cuts hit SSA offices: See the full list of Social Security Administration office closures,"California, Florida, Maryland, Massachusetts, New York"
27-03-2025,Transportation Security Administration; Office of Personnel Management,Unspecified number,https://coloradosun.com/2025/03/27/denver-epa-protest-american-federation-of-government-employees-trump/,Growing government workers union holds rally outside of EPA’s downtown Denver offices,"California, Florida, Georgia, Maryland, Pennsylvania"
08-03-2025,Transportation Security Administration; Social Security Administration; Forest Service,Unspecified number,https://www.bastillepost.com/global/article/4634964-trump-administration-cancels-400m-in-grants-and-contracts-with-columbia-university,Trump administration cancels $400M in grants and contracts with Columbia University,"California, Florida, Idaho, Maryland, Montana"
06-02-2025,U.S. Census Bureau; Office of Personnel Management,Unspecified number,https://www.dailymail.co.uk/news/article-14368463/google-scraps-dei-targets-doge-trump-elon-musk.html,"Google scraps DEI targets as big tech bends to DOGE, Trump, and Elon","California, Georgia, Indiana, Maryland, New York"
24-03-2025,U.S. Census Bureau; Small Business Administration; Office of the Comptroller of the Currency,Unspecified number,https://www.sun-sentinel.com/2025/03/24/banesco-usa-expands-broward-footprint-as-local-banks-face-growing-loan-demand/,Banesco USA expands Broward footprint as local banks face growing loan demand,"California, Florida, Georgia, Illinois, Indiana"
17-04-2025,Lyndon B. Johnson Space Center,Unspecified number,https://gizmodo.com/texas-republicans-want-to-move-nasa-hq-to-houston-to-save-it-from-bureaucratic-micromanagement-2000590656,Texas Republicans Want to Move NASA HQ to Houston to Save It From ‘Bureaucratic Micromanagement’,"California, Colorado, New Mexico, Texas, Virginia"
17-03-2025,U.S. Army Corps of Engineers,Unspecified number,https://spectrumlocalnews.com/mo/st-louis/news/2025/03/17/epa-administrator-visits-st--louis,EPA chief pledges more resources to address STL radiation,"Alabama, California, Mississippi, Texas, Washington"
21-03-2025,Small Business Administration; National Oceanic and Atmospheric Administration,83000,https://nationalnewswatch.com/2025/03/21/the-latest-trump-announces-boeing-will-build-next-generation-fighter-jets,The Latest: Trump announces Boeing will build…,"California, Florida, Georgia, Maryland, Massachusetts"
23-01-2025,Veterans Health Administration; Office of Personnel Management,83000,https://themercury.com/news/national/veterans-affairs-exempt-from-trumps-federal-hiring-freeze/article_a9b4a20a-669d-50f6-9b3d-7d1ee2f8f762.html,Veterans Affairs exempt from Trump's federal hiring freeze,"California, Florida, Georgia, Maryland, New York"
05-03-2025,Office of the Secretary (Veterans Affairs),83000,https://www.govexec.com/workforce/2025/03/va-plans-lay-many-83000-employees-year/403477/,"VA plans to lay off as many as 83,000 employees this year","California, Texas, Florida, Maryland, Virginia"
10-04-2025,U.S. Marine Corps; Defense Logistics Agency,80000,https://richmondfreepress.com/news/2025/apr/10/in-leaked-audio-sears-downplays-job-losses-tied-to-trump-cuts/,"In leaked audio, Sears downplays job losses tied to Trump cuts","California, Georgia, Michigan, North Carolina, Ohio"
05-03-2025,Veterans Benefits Administration,80000,https://roanoke.com/news/local/government-politics/article_85700af8-fa0c-11ef-9dca-5bc33ba0ad8d.html,Salem VA administrators hear veterans' concerns during town hall,"California, Florida, Oklahoma, Pennsylvania, Texas"
10-03-2025,Internal Revenue Service; Social Security Administration; Federal Emergency Management Agency; National Oceanic and Atmospheric Administration,77000,https://johnsoncountypost.com/2025/03/10/fired-federal-workers-from-joco-lament-chaos-confusion-created-by-doges-mass-layoffs-254664/,"Fired federal workers from JoCo lament ‘chaos,’ confusion created by DOGE’s mass layoffs","California, Florida, Georgia, Maryland, Massachusetts"
08-02-2025,Social Security Administration; Centers for Disease Control and Prevention; Centers for Medicare & Medicaid Services; National Institutes of Health; Federal Aviation Administration; Food and Drug Administration; National Oceanic and Atmospheric Administration,65000,https://www.wsws.org/en/articles/2025/02/08/hutq-f08.html,"White House claims 65,000 federal workers have accepted buyout offers, as judge imposes temporary hold","Arkansas, California, Florida, Georgia, Maryland"
07-03-2025,Internal Revenue Service; Bureau of Reclamation,62530,https://stocktonia.org/news/business/2025/03/07/trumps-doge-cuts-hit-stockton-will-end-irs-bureau-of-prisons-leases/,"Trump’s DOGE cuts hit Stockton, will end IRS, Bureau of Prisons leases","California, Colorado, Idaho, Missouri, Nevada"
08-04-2025,National Institutes of Health; Forest Service,56230,https://www.kpax.com/news/ravalli-county/hamilton-city-council-urges-feds-to-reconsider-job-cuts,Hamilton City Council urges feds to reconsider job cuts,"California, Florida, Idaho, Maryland, Montana"
13-02-2025,Department of Defense,29000,https://apnews.com/article/pentagon-doge-civilian-job-cuts-fbcb154fbe9d5904f456aa3655e57c44,"Pentagon is cutting up to 60,000 civilian jobs. About a third of those took voluntary resignations","Virginia, Texas, Maryland, Ohio, California"
11-04-2025,Internal Revenue Service; Office of Personnel Management; National Oceanic and Atmospheric Administration,24000,https://federalnewsnetwork.com/workforce/2025/04/irs-pauses-plan-to-rehire-fired-probationary-employees-citing-recent-court-decisions/?readmore=1,"Treasury plans to consolidate support offices, IRS pauses plan to rehire fired probationary employees","California, Florida, Georgia, Maryland, Massachusetts"
15-04-2025,Internal Revenue Service,22000,https://www.nytimes.com/2025/04/15/us/politics/irs-resignations-trump.html,"More Than 20,000 I.R.S. Employees Offer to Resign","Texas, Utah, California, Georgia, Missouri"
19-02-2025,Office of Personnel Management; George C. Marshall Space Flight Center,21000,https://huntsvillebusinessjournal.com/news/2025/02/19/elon-musks-doge-auditing-nasa-a-conflict-of-interest-with-big-consequences-for-huntsville/,Elon Musk’s DOGE auditing NASA: A conflict of interest with big consequences for Huntsville,"Alabama, California, Florida, Georgia, Louisiana"
03-04-2025,Centers for Medicare & Medicaid Services; National Institutes of Health; Food and Drug Administration; Centers for Disease Control and Prevention,20000,https://www.ajmc.com/view/robert-f-kennedy-jr-faces-senate-inquiry-over-deep-cuts-to-hhs-impacting-fda-cdc-nih-cms,"Robert F. Kennedy Jr Faces Senate Inquiry Over Deep Cuts to HHS Impacting FDA, CDC, NIH, CMS","Arkansas, California, Florida, Georgia, Maryland"
28-02-2025,Internal Revenue Service; Federal Emergency Management Agency,20000,https://themusicessentials.com/lifestyle/trumps-federal-layoffs-slash-7000-irs-jobs-are-refunds-at-risk/?amp,"Trump’s Federal Layoffs Slash 7,000 IRS Jobs – Are Refunds at Risk?","California, Florida, Georgia, Maryland, Missouri"
17-03-2025,National Park Service; Forest Service; Bureau of Reclamation; National Oceanic and Atmospheric Administration,10000,https://www.publicnewsservice.org/2025-03-17/public-lands-wilderness/sierra-club-sues-doge-over-mass-firings/a95826-1,Sierra Club sues DOGE over mass firings,"Arizona, California, Colorado, Florida, Idaho"
04-04-2025,Patent and Trademark Office; Office of Personnel Management; Centers for Disease Control and Prevention; Centers for Medicare & Medicaid Services; National Institutes of Health; Food and Drug Administration,10000,https://natlawreview.com/article/mcdermott-check-april-4-2025,"Key Congressional, CMS, HHS and Healthcare Updates","Arkansas, California, Florida, Georgia, Maryland"
02-03-2025,Agricultural Marketing Service,8400,https://www.thehindubusinessline.com/news/world/anti-doge-protests-at-tesla-stores-target-elon-musks-bottom-line/article69281211.ece,Anti-DOGE protests at Tesla stores target Elon Musk's bottom line,"California, Georgia, Louisiana, Tennessee, Texas"
18-03-2025,Department of the Treasury,7613,https://www.cbsnews.com/news/federal-probationary-workers-mass-firing-rehired/,Court records show how many federal workers were fired and rehired at 18 agencies,"Texas, Utah, California, Pennsylvania, New York"
18-03-2025,Internal Revenue Service; Social Security Administration,7000,https://www.nextgov.com/digital-government/2025/03/ssa-heads-3-month-plan-touts-workforce-reductions-while-calling-identity-and-ai-investment/403847/?oref=ng-homepage-river,SSA head’s 3-month plan touts workforce reductions while calling for identity and AI investment,"California, Maryland, Missouri, New York, Pennsylvania"
17-04-2025,Internal Revenue Service; Social Security Administration; Office of Personnel Management,7000,https://www.govexec.com/workforce/2025/04/white-house-extends-federal-hiring-freeze-until-july-most/404667/?oref=ge-home-top-story,White House extends federal hiring freeze until July for most,"California, Georgia, Maryland, Missouri, New York"
18-04-2025,Social Security Administration; National Institutes of Health,7000,https://wtop.com/maryland/2025/04/maryland-joins-20-states-in-support-of-lawsuit-trying-to-stop-layoffs-at-social-security-administration/,Maryland joins 20 states in support of lawsuit trying to stop layoffs at Social Security Administration,"California, Florida, Maryland, Montana, New York"
06-03-2025,Social Security Administration; Office of Personnel Management,7000,https://www.planadviser.com/social-security-administration-announces-staff-downsizing-plans/,Social Security Administration Announces Staff Downsizing Plans,"California, Georgia, Maryland, New York, Pennsylvania"
27-02-2025,Social Security Administration,7000,https://apnews.com/article/social-security-layoffs-doge-musk-trump-93efbed33957af5ec8ac37744d0592de,Social Security Administration could cut up to 50% of its workforce,"Maryland, California, Pennsylvania, New York, Texas"
17-03-2025,Internal Revenue Service; Office of Personnel Management,6500,https://federalnewsnetwork.com/hiring-retention/2025/03/irs-puts-fired-probationary-employees-on-paid-leave-they-doubt-theyre-here-to-stay/,IRS puts fired probationary employees on paid leave. Many doubt they’re here to stay,"California, Georgia, Maryland, Missouri, Pennsylvania"
18-03-2025,Department of Agriculture,5714,https://www.cbsnews.com/news/federal-probationary-workers-mass-firing-rehired/,Court records show how many federal workers were fired and rehired at 18 agencies,"Texas, Utah, California, Pennsylvania, New York"
15-02-2025,National Park Service; Forest Service; Bureau of Reclamation; Indian Health Service,5700,https://www.goldrushcam.com/sierrasuntimes/index.php/news/local-news/64659-u-s-house-natural-resources-committee-ranking-member-jared-huffman-blasts-mass-firings-at-interior-forest-service-warns-of-severe-impacts-to-vital-services-for-tribes-wildfire-mitigation-water-availability,"U.S. House Natural Resources Committee Ranking Member Jared Huffman ‘Blasts’ Mass Firings at Interior, Forest Service, Warns of Severe Impacts to Vital Services for Tribes, Wildfire Mitigation, Water","Arkansas, California, Florida, Georgia, Maryland"
14-02-2025,Department of Housing and Urban Development,4800,https://news.bloomberglaw.com/daily-labor-report/us-housing-department-to-shed-half-its-workers-union-chief-says,"US Housing Department to Shed Half its Workers, Union Chief Says","California, Texas, Georgia, Colorado, New York"
27-03-2025,Food and Drug Administration,3500,https://www.wsj.com/politics/policy/rfk-jr-job-cuts-health-human-services-bdec28b0,"RFK Jr. Plans 10,000 Job Cuts in Major Restructuring of Health Department","Maryland, California, Virginia, Arkansas, Texas"
13-02-2025,Forest Service,3400,https://www.politico.com/news/2025/02/13/forest-services-fires-3400-employees-00204213,"Forest Service fires 3,400 people after ‘deferred resignation’ deadline passes","California, Oregon, Montana, Idaho, New Mexico"
02-03-2025,National Oceanic and Atmospheric Administration; Forest Service,3400,https://www.denverpost.com/2025/03/02/colorado-wildfire-risk-forest-service-job-cuts-impact-firefighting/,"Forest Service cuts threaten Colorado's wildfire response, leaders say","California, Florida, Idaho, Maryland, Massachusetts"
19-03-2025,Office of Personnel Management; Forest Service,3400,https://soprissun.com/fired-forest-service-worker-says-cuts-could-impact-everything-from-recreation-management-to-wildfire-response/,Fired Forest Service worker says cuts could impact everything from recreation management to wildfire response – The Sopris Sun,"California, Georgia, Idaho, Maryland, Montana"
03-02-2025,Federal Aviation Administration; Office of Personnel Management,3000,https://www.econotimes.com/Trump-Administration-Exempts-Public-Safety-Workers-from-Early-Retirement-Program-1700858,Trump Administration Exempts Public Safety Workers from Early Retirement Program,"California, Florida, Georgia, Maryland, Oklahoma"
08-04-2025,National Institutes of Health; Food and Drug Administration; Centers for Disease Control and Prevention,3000,http://www.wdsu.com/article/navy-vice-adm-chatfield-fired-diversity-debate/64418772,Trump administration fires senior Navy female officer at NATO,"Arkansas, California, Florida, Georgia, Maryland"
17-04-2025,U.S. Census Bureau,3000,https://www.sourceofthespring.com/montgomery-county-news/2849678/montgomery-county-federal-contractor-layoffs-climb-as-trump-slashes-agency-budgets/,Montgomery County Federal Contractor Layoffs Climb as Trump Slashes Agency Budgets,"California, Indiana, Maryland, New York, Texas"
01-02-2025,Small Business Administration,2700,https://www.sba.gov/article/2025/03/21/small-business-administration-announces-agency-wide-reorganization,Small Business Administration Announces Agency-Wide Reorganization,"Texas, California, Florida, Georgia, Virginia"
11-04-2025,National Park Service,2500,https://www.nationalparkstraveler.org/2025/04/update-more-10-percent-national-park-service-workforce-has-left,More Than 10 Percent Of National Park Service Workforce Has Left,"California, Colorado, Wyoming, Arizona, Virginia"
22-03-2025,Langley Research Center; Goddard Space Flight Center,2500,https://wfin.com/fox-political-news/nasa-considers-getting-rid-of-washington-d-c-headquarters-report/,"NASA considers getting rid of Washington, D.C., headquarters: report","California, Florida, Maryland, New York, Ohio"
27-03-2025,Centers for Disease Control and Prevention,2400,https://www.wsj.com/politics/policy/rfk-jr-job-cuts-health-human-services-bdec28b0,"RFK Jr. Plans 10,000 Job Cuts in Major Restructuring of Health Department","Maryland, California, Virginia, Arkansas, Texas"
14-02-2025,Department of Health and Human Services,2285,https://www.wsj.com/politics/policy/rfk-jr-job-cuts-health-human-services-bdec28b0,"RFK Jr. Plans 10,000 Job Cuts in Major Restructuring of Health Department","Maryland, California, Virginia, Arkansas, Texas"
18-03-2025,Department of the Interior,1712,https://www.cbsnews.com/news/federal-probationary-workers-mass-firing-rehired/,Court records show how many federal workers were fired and rehired at 18 agencies,"Texas, Utah, California, Pennsylvania, New York"
19-04-2025,Department of Energy; Office of Personnel Management,1500,https://www.ironmountaindailynews.com/news/2025/04/judge-pauses-plans-for-mass-layoffs-at-consumer-financial-protection-bureau/,Judge pauses plans for mass layoffs at Consumer Financial Protection Bureau,"Colorado, Georgia, Maryland, New Mexico, Oregon"
01-04-2025,Bureau of Consumer Financial Protection,1480,https://www.wired.com/story/cfpb-has-been-gutted/,The CFPB Has Been Gutted,"California, New York, Illinois, Texas, Georgia"
12-03-2025,National Institutes of Health,1315,https://www.latestly.com/world/layoffs-johns-hopkins-university-and-us-department-of-education-announce-job-cuts-as-president-donald-trump-cuts-funding-targets-government-agencies-6704837.html,"Layoffs: Johns Hopkins University and US Department of Education Announce Job Cuts As President Donald Trump Cuts Funding, Targets Government Agencies","Florida, Maryland, Montana, North Carolina, Virginia"
14-03-2025,Department of Energy; Small Business Administration,1315,https://oilcity.news/general/2025/03/14/wyoming-education-association-public-instruction-superintendent-take-opposing-sides-in-ed-dept-reduction/,"Wyoming Education Association, Public Instruction superintendent take opposing sides in DOE reduction","California, Colorado, Florida, Georgia, Maryland"
04-04-2025,Cybersecurity and Infrastructure Security Agency,1300,https://www.cbsnews.com/news/cisa-cybersecurity-election-infrastructure-face-significant-cuts-sources-say/,"Cybersecurity agency that oversees election infrastructure to face significant cuts, sources say","Virginia, Maryland, Florida, Texas, California"
11-03-2025,Department of Education,1300,https://www.nytimes.com/2025/03/11/us/politics/trump-education-department-firings.html,"Education Department Fires 1,300 Workers, Gutting Its Staff","Maryland, Virginia, California, Texas, Georgia"
03-03-2025,U.S. Agency for Global Media,1300,https://www.cbsnews.com/news/trump-signs-order-to-cut-staff-at-voice-of-america-media/,Voice of America's full-time staff and contractors placed on leave following Trump directive,"Maryland, Florida, Virginia, New York, North Carolina"
14-02-2025,Department of Energy,1200,https://www.reuters.com/world/us/sweeping-us-energy-department-layoffs-hit-nuclear-security-loans-office-sources-2025-02-14/,"Sweeping US energy department layoffs hit offices of loans, nuclear security, sources say","Washington, Oregon, Maryland, Colorado, New Mexico"
16-04-2025,Internal Revenue Service; U.S. Army Corps of Engineers; Food and Drug Administration; National Oceanic and Atmospheric Administration,1115,https://natlawreview.com/article/recent-federal-developments-april-15-2025,EPA Issues New TSCA and FIFRA Enforcement Policies as Agencies Re,"Alabama, Arkansas, California, Florida, Maryland"
10-03-2025,National Oceanic and Atmospheric Administration,1029,https://thehill.com/policy/energy-environment/5186175-noaa-staffing-cuts/,"NOAA set to fire 1,029 more employees","Maryland, Washington, Florida, California, Massachusetts"
19-02-2025,Goddard Space Flight Center,1000,https://spacenews.com/nasa-layoffs-on-hold-for-now/,"NASA layoffs on hold, for now","Florida, Maryland, New York, Virginia, West Virginia"
02-04-2025,National Institutes of Health; Food and Drug Administration; National Oceanic and Atmospheric Administration,1000,https://bethesdamagazine.com/2025/04/02/homeowners-tax-credit/,Tax credit accessibility to be expanded for eligible MoCo homeowners,"Arkansas, California, Florida, Maryland, Massachusetts"
18-03-2025,Department of Transportation,775,https://www.cbsnews.com/news/federal-probationary-workers-mass-firing-rehired/,Court records show how many federal workers were fired and rehired at 18 agencies,"Texas, Utah, California, Pennsylvania, New York"
10-04-2025,Department of Energy; National Institutes of Health; Office of Personnel Management,750,https://www.rdworldonline.com/nsf-layoffs-in-2025-deep-budget-cuts-headed-for-u-s-research-sector/,NSF layoffs in 2025: Deep budget cuts headed for U.S. research sector,"Colorado, Florida, Georgia, Maryland, Montana"
04-03-2025,Office of Personnel Management; Centers for Disease Control and Prevention,750,https://www.houstonpublicmedia.org/npr/2025/03/05/nx-s1-5318077/in-a-sudden-reversal-cdc-rescinds-some-staff-firings/,"In a sudden reversal, CDC rescinds some staff firings","Georgia, Maryland, Ohio, Pennsylvania, Texas"
16-02-2025,National Institute of Standards and Technology,500,https://news.bgov.com/bloomberg-government-news/commerce-agency-to-order-mass-firing-of-chips-ai-staffers,Trump Team Plans Mass Firings at Key Agency for AI and Chips (1),"Maryland, Colorado, Virginia, South Carolina, Pennsylvania"
03-03-2025,Securities and Exchange Commission,500,https://www.politico.com/news/2025/03/21/sec-buyouts-retirement-offers-departures-00243673,"SEC set to see hundreds leave through buyout, retirement offers","New York, California, Illinois, Massachusetts, Maryland"
21-02-2025,U.S. Fish and Wildlife Service,420,https://www.vox.com/down-to-earth/400608/trump-doge-jobs-layoff-fish-wildlife-service,Trump’s job cuts at this overlooked agency put every American at risk,"California, Virginia, Alaska, Oregon, Washington"
14-02-2025,Environmental Protection Agency,419,https://storage.courtlistener.com/recap/gov.uscourts.mdd.578045/gov.uscourts.mdd.578045.52.1_1.pdf,IN THE UNITED STATES DISTRICT COURT FOR THE DISTRICT OF MARYLAND ,"North Carolina, Illinois, Georgia, California, Texas"
17-02-2025,Federal Aviation Administration,400,https://www.reuters.com/world/us/faa-fires-fewer-than-400-workers-transportation-chief-says-2025-02-18/,"FAA fires fewer than 400 workers, transportation chief says","Texas, California, Oklahoma, Florida, Georgia"
06-03-2025,General Services Administration,366,https://storage.courtlistener.com/recap/gov.uscourts.mdd.578045/gov.uscourts.mdd.578045.52.1.pdf,IN THE UNITED STATES DISTRICT COURT FOR THE DISTRICT OF MARYLAND,"Texas, Virginia, Maryland, California, Georgia"
27-03-2025,Centers for Medicare & Medicaid Services,330,https://www.wsj.com/politics/policy/rfk-jr-job-cuts-health-human-services-bdec28b0,"RFK Jr. Plans 10,000 Job Cuts in Major Restructuring of Health Department","Maryland, California, Virginia, Arkansas, Texas"
18-03-2025,Department of Homeland Security,313,https://www.cbsnews.com/news/federal-probationary-workers-mass-firing-rehired/,Court records show how many federal workers were fired and rehired at 18 agencies,"Texas, Utah, California, Pennsylvania, New York"
07-02-2025,Department of State,294,https://thefinancialexpress.com.bd/world/trump-administration-to-keep-294-usaid-staff-out-of-over-10000-globally,"Trump administration to keep 294 USAID staff out of over 10,000 globally","Florida, New Hampshire, New York, South Carolina, Virginia"
18-03-2025,U.S. Agency for International Development,270,https://www.cbsnews.com/news/federal-probationary-workers-mass-firing-rehired/,Court records show how many federal workers were fired and rehired at 18 agencies,"Texas, Utah, California, Pennsylvania, New York"
20-02-2025,Transportation Security Administration,245,https://www.usatoday.com/story/news/politics/2025/02/20/tsa-trump-workers-fired/79307363007/,More than 200 TSA employees fired in Trump's push to cut federal workforce,"Virginia, Texas, Florida, California, Maryland"
14-02-2025,Geological Survey,240,https://www.nytimes.com/2025/02/18/us/politics/national-science-foundation-firings.html,Firings Expand at Interior Department With Purge of Probationary Workers,"Louisiana, Virginia, California, Alaska, Texas"
14-02-2025,Federal Emergency Management Agency,200,https://abcnews.go.com/Politics/dhs-cuts-405-employees-workforce/story?id=118847047,DHS cuts at least 405 employees from workforce,"Texas, Virginia, Georgia, Maryland, Florida"
27-03-2025,Agency for Healthcare Research and Quality,195,https://www.cbsnews.com/news/trump-hhs-poverty-levels-medicaid-benefits/,Trump HHS eliminates office that sets poverty levels tied to benefits for at least 80 million people,"Maryland, Virginia, Florida, Illinois, Pennsylvania"
06-03-2025,National Institutes of Health; Centers for Disease Control and Prevention,180,https://www.gpb.org/news/2025/03/06/georgia-today-crossover-day-cdc-employee-terminations-rescinded-federal,Georgia Today: Crossover Day; CDC employee terminations rescinded; Federal Rehabilation Act lawsuit,"Florida, Georgia, Maryland, Montana, North Carolina"
18-03-2025,Department of Labor,170,https://www.cbsnews.com/news/federal-probationary-workers-mass-firing-rehired/,Court records show how many federal workers were fired and rehired at 18 agencies,"Texas, Utah, California, Pennsylvania, New York"
18-02-2025,Federal Deposit Insurance Corporation,170,https://news.bloomberglaw.com/banking-law/fdic-fires-probationary-employees-amid-continued-agency-cull,FDIC Fires Probationary Employees as Agency Culling Proceeds (1),"Texas, California, Illinois, Missouri, New York"
21-02-2025,Bureau of the Fiscal Service,169,https://www.chromes.com/news/federal-probationary-workers-mass-firing-retired/,Court records show how many federal workers were fired and rehired at 18 agencies,"West Virginia, Ohio, Maryland, Missouri, Alabama"
18-02-2025,National Science Foundation,168,https://www.npr.org/2025/02/18/nx-s1-5301049/national-science-foundation-fires-roughly-10-of-its-workforce,National Science Foundation fires roughly 10% of its workforce,"Virginia, Maryland, New York, California, Colorado"
31-03-2025,Internal Revenue Service; Small Business Administration,150,https://federalnewsnetwork.com/workforce/2025/03/weekend-news-dump-gsa-sba-irs-initiate-new-workforce-cuts/,"Weekend news dump: GSA, SBA, IRS initiate new workforce cuts","California, Florida, Georgia, Missouri, Pennsylvania"
17-03-2025,Air Combat Command; U.S. Army Contracting Command,145,https://finnhub.io/api/press-releases?id=f1620a0894244b980bdc46fb237cd0dfd38b1fae0032e38cdb04bd55a9e8d0b0,Viscom SE publishes preliminary figures for the 2024 financial year,"Alabama, Florida, Illinois, Maryland, Michigan"
28-02-2025,Office of Personnel Management,120,https://ww2.aip.org/fyi/nsf-begins-reinstating-some-probationary-employees-after-mass-layoffs,NSF Begins Reinstating Some Probationary Employees After Mass Layoffs,"Georgia, Maryland, Pennsylvania, Texas, Virginia"
10-04-2025,National Endowment for the Humanities,117,https://www.usatoday.com/story/news/politics/2025/04/10/trump-administration-guts-national-endowment-for-the-humanities/83032930007/,"National Endowment for the Humanities terminates majority of staff, union says","Maryland, Virginia, New York, Pennsylvania, Florida"
14-02-2025,Bureau of Reclamation,100,https://www.politico.com/news/2025/02/28/trump-california-water-doge-00206796,DOGE is hobbling Trump’s plan to unleash California’s water,"Colorado, California, Washington, Nevada, Idaho"
14-02-2025,Office for Civil Rights,100,https://www.nytimes.com/2025/03/21/us/politics/trump-civil-rights-homeland-security-deportations.html,Trump Shuts Down 3 Watchdog Agencies Overseeing Immigration Crackdown,"California, Illinois, Texas, Georgia, Ohio"
14-02-2025,Substance Abuse and Mental Health Services Administration,100,https://www.cbsnews.com/news/samhsa-mental-health-agency-doge-job-cuts-988-hotline/,"Mental health agency loses 1 in 10 staffers to DOGE cuts, 988 hotline team impacted","Maryland, Georgia, Texas, Florida, New York"
27-03-2025,Administration for Community Living,80,https://www.npr.org/sections/shots-health-news/2025/04/01/g-s1-57716/hhs-layoffs-seniors-disabled-liheap-acl,HHS layoffs hit Meals on Wheels and other services for seniors and disabled,"Maryland, Virginia, Georgia, Illinois, New York"
21-02-2025,Office of the Comptroller of the Currency,76,https://www.reuters.com/world/us/us-financial-regulator-occ-joins-other-agencies-firing-staff-2025-02-21/,US financial regulator OCC joins other agencies in firing staff,"New York, Texas, Illinois, California, North Carolina"
14-02-2025,Citizenship and Immigration Services,50,https://abcnews.go.com/Politics/dhs-cuts-405-employees-workforce/story?id=118847047,DHS cuts at least 405 employees from workforce,"Texas, Virginia, Georgia, Maryland, Florida"
21-02-2025,Bureau of Engraving and Printing,48,https://www.chromes.com/news/federal-probationary-workers-mass-firing-retired/,Court records show how many federal workers were fired and rehired at 18 agencies,"West Virginia, Ohio, Maryland, Missouri, Alabama"
04-04-2025,Department of Energy; Office of the Inspector General; Office of Personnel Management,44,https://federalnewsnetwork.com/workforce/2025/04/energy-department-extends-hiring-freeze-deems-43-workforce-non-essential-in-reorganization-plan/,"Energy Department extends hiring freeze, deems 43% workforce non-‘essential’ in reorganization plan","California, Colorado, Georgia, Maryland, New Mexico"
27-02-2025,National Park Service; Forest Service,40,https://www.wyomingpublicmedia.org/politics-government/2025-02-27/teton-electeds-frustrated-with-federal-firings,Teton electeds frustrated with federal firings,"Arizona, California, Colorado, Idaho, Montana"
20-02-2025,National Highway Traffic Safety Administration,32,https://www.reuters.com/world/us/us-auto-safety-agency-laid-off-4-staff-spokesperson-says-2025-02-24/,"US auto safety agency laid off 4% of staff, spokesperson says","Maryland, Virginia, Ohio, Michigan, Texas"
13-03-2025,Internal Revenue Service; Food and Drug Administration,25,https://www.globenewswire.com/news-release/2025/03/13/3042036/0/en/Apyx-Medical-Corporation-Reports-Fourth-Quarter-and-Full-Year-2024-Financial-Results.html,Apyx Medical Corporation Reports Fourth Quarter and Full Year 2024 Financial Results,"Arkansas, California, Maryland, Missouri, New York"
10-03-2025,National Aeronautics and Space Administration,23,https://www.reuters.com/world/us/nasa-terminates-chief-scientist-role-closes-policy-office-2025-03-10/,"NASA terminates chief scientist role, closes policy office","Texas, Maryland, Alabama, Florida, Virginia"
12-03-2025,Office of Personnel Management; National Oceanic and Atmospheric Administration,23,https://www.abc.net.au/news/2025-03-12/nasa-fires-chief-scientist-in-first-round-of-trump-cuts/105044394,NASA chief scientist fired in first round of Trump-ordered cuts,"California, Florida, Georgia, Maryland, Massachusetts"
12-03-2025,Office of Personnel Management; National Oceanic and Atmospheric Administration; National Park Service; National Institutes of Health; Goddard Space Flight Center,23,https://www.latimes.com/science/story/2025-03-12/nasa-hitches-a-ride-on-musk-spacex-rocket,"Amid tense clashes between NASA and Musk, two NASA science missions launch on SpaceX rocket","Arizona, California, Colorado, Florida, Georgia"
17-03-2025,Defense Health Agency,20,https://federalnewsnetwork.com/defense-main/2025/03/dod-places-probationary-employees-on-admin-leave-before-mass-firings/,DoD placing probationary employees on admin leave before mass firings,"Maryland, Texas, Virginia, Colorado, California"
14-02-2025,Executive Office for Immigration Review,20,https://apnews.com/article/trump-immigration-court-judges-fired-firings-d35eed0f685739c4a19d4c8baf39113a,Justice Department fires 20 immigration judges from backlogged courts amid major government cuts,"Virginia, California, Texas, New York, Florida"
24-01-2025,Council of the Inspectors General on Integrity and Efficiency,17,https://www.npr.org/2025/01/25/g-s1-44771/trump-fires-inspectors-general,Trump uses mass firing to remove inspectors general at a series of agencies,"Virginia, Maryland, Texas, New Mexico, New York"
22-02-2025,Internal Revenue Service; National Park Service; Forest Service,17,"https://www.conejoscountycitizen.com/stories/forest-service-cuts-imperil-resources,74243",Forest Service cuts imperil resources,"Arizona, California, Colorado, Idaho, Missouri"
31-01-2025,Executive Office for U.S. Attorneys and the Offices of the U.S. Attorneys,12,https://www.nytimes.com/2025/01/31/us/politics/prosecutors-us-attorneys-office-trump-firings.html,More Than a Dozen Prosecutors at Washington U.S. Attorney’s Office Are Dismissed,"South Carolina, North Carolina, Texas, Maryland, Minnesota"
27-01-2025,Office of Special Counsel,12,https://www.nytimes.com/2025/01/27/us/politics/justice-department-firings-trump-jack-smith.html,Justice Dept. Fires Prosecutors Who Worked on Trump Investigations,"Texas, Michigan, California, Florida, Georgia"
14-02-2025,Science and Technology Directorate,10,https://abcnews.go.com/Politics/dhs-cuts-405-employees-workforce/story?id=118847047,DHS cuts at least 405 employees from workforce,"Texas, Virginia, Georgia, Maryland, Florida"
21-02-2025,U.S. Mint,8,https://www.cbsnews.com/news/federal-probationary-workers-mass-firing-rehired/,Court records show how many federal workers were fired and rehired at 18 agencies,"Texas, Utah, California, Pennsylvania, New York"
26-01-2025,Equal Employment Opportunity Commission,3,https://www.nytimes.com/2025/01/28/business/trump-eeoc-commissioners-fired.html,Trump Fired E.E.O.C. Commissioners in Late-Night Purge,"Texas, California, Florida, Georgia, Pennsylvania"
27-01-2025,Privacy and Civil Liberties Oversight Board,3,https://www.nytimes.com/2025/01/27/us/politics/trump-fires-independent-watchdog-officials.html,"Trump Paralyzes Independent Rights Watchdog, Firing Members Selected by Democrats","Maryland, Massachusetts, Virginia, Oklahoma"
10-04-2025,Health Resources and Services Administration; Food and Drug Administration; Centers for Disease Control and Prevention,3,https://www.pbs.org/newshour/health/cdc-officials-start-planning-for-the-splintering-of-their-agency,CDC officials start planning for the splintering of their agency,"Arkansas, California, Georgia, Maryland, New York"
16-03-2025,Federal Trade Commission,2,https://apnews.com/article/trump-ftc-firings-bedoya-slaughter-488bfe5419e48d5acbd95d3f9401404b,"Trump fires 2 Democrats on the Federal Trade Commission, seeking more control over regulators","California, New York, Virginia, Washington, Illinois"
14-02-2025,Federal Transit Administration,2,https://www.cnbc.com/2025/02/21/trump-doge-mass-job-cuts-federal-workers-money-questions-answered.html,"Trump, DOGE mass job cuts: Federal workers’ money questions answered","New York, Georgia, Maryland, California, Illinois"
